வ.எ.,ஆண்டு,மலர்,இதழ்,தலைப்பு,ஆசிரியர்,பெற்றோர்_வ.எ.
1,1947,1,6,எங்கள் எண்ணம்,"[]",
2,1947,1,6,கண் திறக்குமா?,"[நக்கீரன்]",
3,1947,1,6,மகளிர் அழகுக் குறிப்புகள்,"[ஆ.மீனாட்சி]",
4,1947,1,6,மதம் அவசியமா? ,"[டி.கே.சீனிவாசன்]",
5,1947,1,6,கலையுலகம்,"[கலைஞன்]",
6,1947,1,6,வளையல் வாங்கலீயோ..!,[மு.கருணாநிதி],
7,1947,1,6,வளரும் இலக்கியம்,[],
8,1947,1,6,அழகு,தோழர் அறிவழகன்,7
9,1947,1,6,கதவு திறந்தது,கி. பிச்சமூர்த்தி,7
10,1947,1,6,பலிபீடம் நோக்கி,மு. கருணாநிதி,7
11,1947,1,6,சௌமியன்,பாரதிதாசன்,7
12,1947,1,6,இதுதான் பரிசல்,நாக. முத்தையா,7
13,1947,1,6,கவிதைக் கதம்பம்,ஜீவன்,7
14,1947,1,6,கம்பன் பிள்ளைத்தமிழ்,நா. கனகராஜையர்,7
15,1947,1,6,காதற் பாட்டு,ராய. சொ.,7
16,1947,1,6,விறலிவிடு தூது,சதாவதானம் சரவணப் பெருமாட் கவிராயன்,7
17,1947,1,6,டில்லி நோக்கி,மொழிபெயர்தவர் சுப. நாராயணன்,7
18,1947,1,6,டில்லி செங்கோட்டை விசாரணை,தொகுத்தவர் கா. திரவியம்,7
19,1947,1,6,சுதந்திரச் சூழல்,என். ஆர். பத்மனாபன்,7
20,1947,1,6,அரசியல் நிர்ணய சபை,தி. சி. சிவஸ்வாமி,7
21,1947,1,6,துணைவி வாழ்க்கைக்கா கல்விக்கா?,,7
22,1947,1,6,சீன இலக்கியம்,[கா.அப்பாத்துரை],
23,1947,1,6,பாரதிதாசன் பரம்பரை,"[முடியரசன்]",
24,1947,1,6,கண்ணம்மா,"[கோ.சங்கரன்]",
25,1947,1,6,வேலைக்காரன்,"[நாரா.நாச்சியப்பன்]",
26,1947,1,6,சங்கீதக் கயிறு,"[டி.வி.எஸ்.வேலு]",
27,1947,1,6,மணிப்பொறி,"[மாவண்ணா தேவராசன்]",
28,1947,1,6,தீண்டாமை,"[முருகு சுப்பிரமணியன்]",
29,1947,1,6,வான் வீரன்,"[மு.அண்ணாமலை]",
30,1947,1,6,சண்டைக்குக் காரணம்,"[சுப.நாராயணன்]",
31,1947,1,6,சாணப் புழு,"[தமிழ்வாணன்]",
